id,value
0,0.9662131202267628
1,0.6319122325663697
2,0.09572717993250168
3,0.027530129755673594
4,0.9044816315710447
