id,value
0,0.763637314489177
1,0.7317759112427668
2,0.7698797659423009
3,0.7398834258582033
4,0.8181903753117462
