id,value
0,0.859811899903736
1,0.2814627895498618
2,0.5836360156974585
3,0.16774124412835079
4,0.7737169626872366
